1,Circle,Area,18039.557,Perimeter,476.12158,Centroid,490.064,36.3991,Vertices,
2,Equilateral Triangle,Area,3670.75,Perimeter,276.2157,Centroid,225.015,265.596,Vertices,209.28786,316.37396;188.90356,226.58691;276.85358,253.82713
3,Equilateral Triangle,Area,989.2033,Perimeter,143.3883,Centroid,130.116,252.153,Vertices,157.6547,250.38963;117.87377,276.88388;114.819534,229.18547
4,Polygon,Area,41810.6,Perimeter,971.2385,Centroid,262.32706,202.21654,Vertices,
5,Equilateral Triangle,Area,176.30185,Perimeter,60.533997,Centroid,431.063,37.5185,Vertices,438.95978,46.083427;419.69714,40.07486;434.53204,26.397219
6,Square,Area,2.7310538,Perimeter,6.61036,Centroid,174.317,270.922,Vertices,173.15219,270.82843;174.41057,269.7572;175.48181,271.01556;174.22343,272.0868
7,Ellipse,Area,433.6366,Perimeter,92.50795,Centroid,161.34,140.239,Vertices,156.30464,144.48695;166.37535,135.99104;147.82962,124.224365;174.85037,156.25363
8,Circle,Area,21315.701,Perimeter,517.5529,Centroid,254.134,439.289,Vertices,
9,Ellipse,Area,715.49243,Perimeter,154.6671,Centroid,179.439,462.482,Vertices,144.04611,474.33243;214.83188,450.63156;177.50163,456.6958;181.37636,468.2682
10,Square,Area,373.99304,Perimeter,77.3556,Centroid,7.70121,111.92,Vertices,-5.543824,115.320816;4.3003893,98.674965;20.946243,108.51918;11.102031,125.16503
11,Square,Area,4103.8115,Perimeter,256.244,Centroid,243.771,37.9366,Vertices,250.21495,-6.9006767;288.60828,44.380554;237.32704,82.77388;198.93372,31.492647
12,Equilateral Triangle,Area,291.7447,Perimeter,77.8704,Centroid,86.8139,278.335,Vertices,92.7786,264.587;95.73767,290.37457;71.92544,280.0434
13,Circle,Area,13222.433,Perimeter,407.62482,Centroid,43.9437,199.019,Vertices,
14,Circle,Area,29827.412,Perimeter,612.22736,Centroid,476.976,341.994,Vertices,
15,Equilateral Triangle,Area,2225.3381,Perimeter,215.0646,Centroid,278.503,122.108,Vertices,297.02017,159.12395;237.18765,119.63636;301.30115,87.56369
16,Circle,Area,2675.4194,Perimeter,183.35843,Centroid,8.91554,7.6538,Vertices,
17,Equilateral Triangle,Area,1886.1631,Perimeter,197.9979,Centroid,346.59,403.456,Vertices,354.41534,440.74854;310.38104,391.5867;374.9736,378.03278
18,Equilateral Triangle,Area,789.4929,Perimeter,128.0988,Centroid,205.133,162.349,Vertices,228.37827,154.1387;200.62068,186.58514;186.40002,146.32315
19,Polygon,Area,151394.73,Perimeter,1587.3696,Centroid,236.89812,216.35875,Vertices,
20,Polygon,Area,117991.63,Perimeter,1355.0215,Centroid,255.70427,237.1997,Vertices,
21,Polygon,Area,106215.37,Perimeter,1277.7714,Centroid,291.30847,236.14825,Vertices,
22,Square,Area,4240.7183,Perimeter,260.4832,Centroid,75.5525,458.609,Vertices,30.224384,450.50214;83.65936,413.28088;120.880615,466.71588;67.44564,503.93713
23,Equilateral Triangle,Area,160.6834,Perimeter,57.7905,Centroid,180.233,275.584,Vertices,175.94386,285.84546;173.49089,266.7388;191.26425,274.1678
24,Polygon,Area,160075.62,Perimeter,1599.3939,Centroid,242.2339,234.58534,Vertices,
25,Polygon,Area,164387.67,Perimeter,1534.7981,Centroid,264.72183,261.19772,Vertices,
26,Circle,Area,2164.1106,Perimeter,164.90912,Centroid,302.63,181.149,Vertices,
27,Equilateral Triangle,Area,2836.6768,Perimeter,242.8152,Centroid,206.127,22.5172,Vertices,243.90752,50.01825;163.42014,41.485558;211.05336,-23.95221
28,Equilateral Triangle,Area,3911.3462,Perimeter,285.1242,Centroid,375.935,390.839,Vertices,429.6095,402.24094;339.2234,431.6215;358.97214,338.65454
29,Square,Area,9008.933,Perimeter,379.6616,Centroid,310.741,291.759,Vertices,375.22037,310.38364;292.11636,356.23837;246.26163,273.13437;329.36563,227.27963
30,Ellipse,Area,207.22197,Perimeter,52.71415,Centroid,358.856,86.1241,Vertices,350.88895,80.05332;366.82303,92.19488;362.84723,80.88616;354.86475,91.36204
31,Polygon,Area,118260.05,Perimeter,1320.6644,Centroid,281.1164,215.35971,Vertices,
32,Polygon,Area,136325.66,Perimeter,1429.666,Centroid,270.66064,276.7056,Vertices,
33,Ellipse,Area,2712.6562,Perimeter,186.33481,Centroid,205.762,381.666,Vertices,235.84482,368.51318;175.67917,394.8188;216.2975,405.76257;195.22649,357.5694
34,Ellipse,Area,3772.455,Perimeter,231.65996,Centroid,210.564,371.34,Vertices,186.30713,362.31122;234.82086,380.36877;226.74794,327.86;194.38005,414.82
35,Polygon,Area,149428.22,Perimeter,1503.0347,Centroid,277.60165,215.87408,Vertices,
36,Equilateral Triangle,Area,2988.4036,Perimeter,249.2244,Centroid,351.629,176.996,Vertices,399.573,178.35489;326.48016,217.83728;328.83383,134.79584
37,Square,Area,2336.9297,Perimeter,193.3672,Centroid,260.728,331.754,Vertices,259.60004,365.9182;226.5638,330.62604;261.85596,297.58978;294.8922,332.88196
38,Ellipse,Area,2350.3574,Perimeter,201.57903,Centroid,365.48,62.8667,Vertices,324.73407,79.87294;406.22595,45.86046;358.9535,47.229546;372.00653,78.50385
39,Polygon,Area,137930.42,Perimeter,1458.2478,Centroid,239.33823,276.27808,Vertices,
40,Polygon,Area,151294.86,Perimeter,1495.4215,Centroid,256.36865,252.00517,Vertices,
41,Equilateral Triangle,Area,1193.032,Perimeter,157.4697,Centroid,227.11,338.224,Vertices,232.13553,308.33853;250.47879,357.51898;198.71567,348.81448
42,Equilateral Triangle,Area,3706.0461,Perimeter,277.5405,Centroid,267.253,398.188,Vertices,260.44547,345.21088;316.53625,418.78107;224.77724,430.57202
43,Ellipse,Area,1220.3383,Perimeter,143.5208,Centroid,370.994,40.8185,Vertices,401.52032,34.38843;340.46765,47.24857;373.5605,53.00283;368.4275,28.63417
44,Equilateral Triangle,Area,0.03852788,Perimeter,0.894867,Centroid,483.403,398.981,Vertices,483.44925,398.8151;483.52356,399.10397;483.23624,399.0239
45,Circle,Area,28805.807,Perimeter,601.6514,Centroid,143.116,322.336,Vertices,
46,Equilateral Triangle,Area,2652.1636,Perimeter,234.7854,Centroid,68.1728,157.98,Vertices,53.35878,200.667;38.611767,123.807175;112.547844,149.4658
47,Circle,Area,14071.223,Perimeter,420.5047,Centroid,283.424,456.875,Vertices,
48,Polygon,Area,99741.47,Perimeter,1275.6548,Centroid,233.59006,245.83904,Vertices,
49,Polygon,Area,117843.78,Perimeter,1465.1608,Centroid,176.64963,202.9487,Vertices,
50,Ellipse,Area,1133.1863,Perimeter,130.56523,Centroid,247.938,27.6851,Vertices,247.22702,54.729057;248.64899,0.6411438;234.60951,27.3347;261.2665,28.035501
51,Square,Area,4097.5996,Perimeter,256.05,Centroid,380.745,211.543,Vertices,426.00864,211.48753;380.80045,256.80664;335.48135,211.59845;380.68954,166.27936
52,Ellipse,Area,1131.9246,Perimeter,179.59756,Centroid,431.636,431.574,Vertices,435.75858,424.2357;427.5134,438.91232;468.9562,452.5402;394.31577,410.60782
53,Circle,Area,69.54818,Perimeter,29.562954,Centroid,338.602,449.992,Vertices,
54,Equilateral Triangle,Area,295.14664,Perimeter,78.323105,Centroid,33.3188,363.087,Vertices,34.55307,378.10968;19.691654,356.6446;45.71168,354.50677
55,Equilateral Triangle,Area,3603.595,Perimeter,273.6774,Centroid,37.3402,160.616,Vertices,-10.668953,138.95566;80.10318,129.86902;42.586372,213.02332
56,Ellipse,Area,3024.064,Perimeter,194.94469,Centroid,321.473,24.3775,Vertices,301.73764,0.67152214;341.20834,48.08348;345.45633,4.411255;297.48965,44.343746
57,Equilateral Triangle,Area,3424.77,Perimeter,266.8005,Centroid,84.0361,66.3385,Vertices,88.29375,117.50745;37.59367,44.441254;126.220894,37.066803
58,Square,Area,37.73866,Perimeter,24.57272,Centroid,152.693,170.563,Vertices,152.73325,174.90671;148.34929,170.60326;152.65274,166.2193;157.0367,170.52275
59,Equilateral Triangle,Area,3456.9546,Perimeter,268.0512,Centroid,397.923,358.925,Vertices,394.26068,410.3813;355.19168,330.02515;444.31665,336.3685
60,Square,Area,5257.831,Perimeter,290.0436,Centroid,435.522,281.959,Vertices,437.94177,230.7432;486.73782,284.37878;433.10223,333.17484;384.30618,279.53925
61,Square,Area,2917.3936,Perimeter,216.0516,Centroid,39.5675,463.252,Vertices,69.29107,487.23547;15.584045,492.9756;9.843933,439.26855;63.550957,433.52844
62,Equilateral Triangle,Area,554.0491,Perimeter,107.3112,Centroid,354.522,188.041,Vertices,345.81097,169.31601;375.09384,189.85953;342.6612,204.94746
63,Equilateral Triangle,Area,3086.2017,Perimeter,253.2696,Centroid,281.71,271.288,Vertices,235.87524,287.86917;290.26767,223.30336;318.98706,302.69147
64,Polygon,Area,102137.95,Perimeter,1283.2406,Centroid,210.77223,229.34923,Vertices,
65,Circle,Area,24.609684,Perimeter,17.58563,Centroid,291.881,206.893,Vertices,
66,Circle,Area,9589.63,Perimeter,347.14096,Centroid,121.205,4.85909,Vertices,
67,Circle,Area,5505.044,Perimeter,263.0179,Centroid,285.85,403.815,Vertices,
68,Square,Area,1980.784,Perimeter,178.024,Centroid,15.0482,169.104,Vertices,28.307518,197.6449;-13.49269,182.36333;1.7888832,140.56311;43.58909,155.84468
69,Ellipse,Area,2680.7212,Perimeter,214.89948,Centroid,130.964,237.777,Vertices,125.19584,220.56996;136.73218,254.98402;175.54454,222.83264;86.38347,252.72134
70,Ellipse,Area,434.84537,Perimeter,176.5024,Centroid,92.9278,446.848,Vertices,70.03989,484.16794;115.81572,409.52805;90.23263,445.19507;95.62298,448.50092
71,Ellipse,Area,577.72906,Perimeter,139.76953,Centroid,164.977,200.057,Vertices,168.07298,204.54001;161.88103,195.574;137.20262,219.23816;192.75139,180.87585
72,Ellipse,Area,1982.7457,Perimeter,195.21008,Centroid,1.7139,383.353,Vertices,45.24485,389.48773;-41.817047,377.21826;-0.28953588,397.56903;3.7173357,369.13696
73,Circle,Area,21166.803,Perimeter,515.74207,Centroid,321.122,377.709,Vertices,
74,Equilateral Triangle,Area,1423.369,Perimeter,172.0005,Centroid,377.123,237.303,Vertices,404.10382,218.12633;380.24005,270.25742;347.0251,223.52524
75,Equilateral Triangle,Area,523.9679,Perimeter,104.35741,Centroid,323.976,290.66,Vertices,306.34192,281.04803;341.11725,280.19443;324.46884,310.73755
76,Equilateral Triangle,Area,2343.2612,Perimeter,220.6893,Centroid,235.214,482.131,Vertices,245.31256,440.87738;265.89142,511.50342;194.43803,494.01224
77,Square,Area,3142.1853,Perimeter,224.2208,Centroid,484.783,217.52,Vertices,465.07614,183.12912;519.1739,197.81316;504.48984,251.91089;450.39212,237.22685
78,Circle,Area,228.86227,Perimeter,53.628056,Centroid,491.723,330.057,Vertices,
79,Circle,Area,4495.0107,Perimeter,237.66777,Centroid,450.162,378.538,Vertices,
80,Circle,Area,22844.203,Perimeter,535.78796,Centroid,380.696,391.393,Vertices,
81,Square,Area,5120.8047,Perimeter,286.2392,Centroid,393.994,260.077,Vertices,345.09494,273.08795;380.98303,211.17795;442.89304,247.06604;407.00494,308.97604
82,Polygon,Area,155989,Perimeter,1505.0618,Centroid,279.8371,239.17123,Vertices,
83,Equilateral Triangle,Area,2970.4805,Perimeter,248.4759,Centroid,169.95,204.524,Vertices,153.50423,249.42627;139.28638,167.83041;217.05939,196.31534
84,Circle,Area,2980.1245,Perimeter,193.51834,Centroid,173.793,249.341,Vertices,
85,Square,Area,53.14148,Perimeter,29.15928,Centroid,335.719,90.0439,Vertices,340.65567,88.5607;337.2022,94.98058;330.78232,91.5271;334.23578,85.107216
86,Polygon,Area,122769.125,Perimeter,1463.7367,Centroid,248.89629,268.05304,Vertices,
87,Equilateral Triangle,Area,14.12234,Perimeter,17.132639,Centroid,354.108,101.936,Vertices,351.4531,99.980774;357.12872,100.614395;353.7422,105.212814
88,Equilateral Triangle,Area,1211.289,Perimeter,158.67,Centroid,431.005,365.301,Vertices,449.9375,389.25952;400.79007,369.71774;442.28748,336.92572
89,Equilateral Triangle,Area,1206.2649,Perimeter,158.3406,Centroid,386.068,319.077,Vertices,415.36798,310.70477;378.66858,348.63763;364.16745,297.88858
90,Polygon,Area,148036.86,Perimeter,1478.1484,Centroid,243.14398,290.2355,Vertices,
91,Ellipse,Area,5381.405,Perimeter,260.08292,Centroid,363.458,364.548,Vertices,404.003,353.7871;322.91302,375.3089;373.93307,404.01608;352.98294,325.07993
92,Polygon,Area,11552.77,Perimeter,814.31934,Centroid,259.077,216.67589,Vertices,
93,Ellipse,Area,5190.312,Perimeter,255.51907,Centroid,151.442,424.782,Vertices,167.26888,461.08163;135.61513,388.4824;113.19852,441.45642;189.68549,408.1076
94,Ellipse,Area,184.30473,Perimeter,59.708935,Centroid,29.4836,160.908,Vertices,32.725784,157.99783;26.241419,163.81818;38.47836,170.92896;20.488842,150.88705
95,Polygon,Area,118260.484,Perimeter,1390.5251,Centroid,199.414,226.58884,Vertices,
96,Circle,Area,7482.3423,Perimeter,306.6364,Centroid,449.61,47.6615,Vertices,
97,Circle,Area,19370.578,Perimeter,493.37396,Centroid,90.7461,137.382,Vertices,
98,Ellipse,Area,1514.7988,Perimeter,143.06165,Centroid,274.12,245.758,Vertices,255.35835,265.73947;292.88165,225.77652;261.2954,233.71632;286.94458,257.79965
99,Equilateral Triangle,Area,62.127483,Perimeter,35.9346,Centroid,98.1598,354.26,Vertices,99.17835,347.4198;103.5743,358.5622;91.72674,356.798
100,Polygon,Area,3265.647,Perimeter,668.898,Centroid,112.02633,273.18665,Vertices,
101,Ellipse,Area,276.22937,Perimeter,171.99348,Centroid,129.761,447.159,Vertices,159.29065,416.06134;100.23135,478.25665;131.2478,448.57083;128.2742,445.74716
102,Ellipse,Area,4639.798,Perimeter,241.96112,Centroid,336.322,443.719,Vertices,372.51135,439.19458;300.13263,448.2434;341.34558,483.9011;331.2984,403.5369
103,Square,Area,1207.4304,Perimeter,138.9924,Centroid,380.389,140.511,Vertices,365.94885,160.39056;360.50946,126.07084;394.82916,120.63144;400.26855,154.95116
104,Circle,Area,3558.6492,Perimeter,211.46939,Centroid,13.1969,443.886,Vertices,
105,Circle,Area,2643.6284,Perimeter,182.26578,Centroid,5.58063,328.627,Vertices,
106,Ellipse,Area,1307.4987,Perimeter,128.18272,Centroid,378.127,488.436,Vertices,365.29904,472.6636;390.955,504.2084;394.00873,475.51913;362.2453,501.35287
107,Ellipse,Area,4463.383,Perimeter,237.27501,Centroid,37.5477,183.337,Vertices,3.462574,194.4558;71.63283,172.21822;25.258455,145.66376;49.836945,221.01025
108,Ellipse,Area,3002.0037,Perimeter,200.19934,Centroid,218.073,3.85812,Vertices,246.88931,28.393356;189.25668,-20.677116;201.70483,23.08232;234.44116,-15.366079
109,Equilateral Triangle,Area,180.27501,Perimeter,61.212303,Centroid,144.306,263.396,Vertices,153.09502,271.24002;133.11836,267.0855;146.70462,251.86246
110,Equilateral Triangle,Area,2414.995,Perimeter,224.04181,Centroid,180.195,9.57489,Vertices,140.48582,26.375027;185.50026,-33.214344;214.59894,35.56399
111,Ellipse,Area,6700.386,Perimeter,290.1835,Centroid,176.031,488.244,Vertices,172.39389,533.94147;179.66812,442.5465;129.65268,484.55267;222.40933,491.9353
112,Equilateral Triangle,Area,736.76605,Perimeter,123.7473,Centroid,454.5,85.1274,Vertices,466.9527,105.42748;430.69327,85.7617;465.85403,64.19302
113,Circle,Area,12412.637,Perimeter,394.9453,Centroid,464.461,243.647,Vertices,
114,Circle,Area,34.68027,Perimeter,20.875946,Centroid,438.743,259.912,Vertices,
115,Ellipse,Area,5369.772,Perimeter,260.9949,Centroid,496.599,402.559,Vertices,459.4379,411.3519;533.7601,393.76608;486.2927,359.0019;506.9053,446.1161
116,Ellipse,Area,614.252,Perimeter,171.52444,Centroid,157.682,106.027,Vertices,118.92988,89.52729;196.43414,122.52671;159.50056,101.75584;155.86345,110.298164
117,Polygon,Area,69596.19,Perimeter,1046.6178,Centroid,279.2135,261.2401,Vertices,
118,Circle,Area,3067.7456,Perimeter,196.34264,Centroid,377.228,322.656,Vertices,
119,Equilateral Triangle,Area,316.9536,Perimeter,81.165,Centroid,250.761,31.3297,Vertices,266.35718,30.463606;243.71297,45.26944;242.21284,18.256058
120,Ellipse,Area,2738.8901,Perimeter,187.30165,Centroid,157.207,473.421,Vertices,130.84338,473.92334;183.57062,472.91864;156.5771,440.36407;157.8369,506.4779
121,Ellipse,Area,3602.6067,Perimeter,214.29242,Centroid,99.7278,163.145,Vertices,91.44035,199.5496;108.01524,126.7404;69.77981,156.3274;129.67578,169.96262
122,Polygon,Area,177648.6,Perimeter,1694.9515,Centroid,249.67816,243.9585,Vertices,
123,Ellipse,Area,4114.0806,Perimeter,242.05672,Centroid,159.138,26.8485,Vertices,120.995636,-3.1321049;197.28036,56.8291;175.81879,5.6266212;142.45721,48.070377
124,Square,Area,2807.728,Perimeter,211.952,Centroid,47.3296,130.662,Vertices,68.20192,99.54592;78.44568,151.53432;26.457285,161.77808;16.21352,109.78969
125,Polygon,Area,54568.73,Perimeter,1105.0386,Centroid,219.63885,216.2892,Vertices,
126,Circle,Area,8443.583,Perimeter,325.7379,Centroid,371.759,182.562,Vertices,
127,Circle,Area,435.17697,Perimeter,73.94995,Centroid,404.853,14.149,Vertices,
128,Polygon,Area,133254.55,Perimeter,1458.3723,Centroid,241.82216,252.57686,Vertices,
129,Polygon,Area,59322.3,Perimeter,1049.2306,Centroid,251.40431,218.10509,Vertices,
130,Equilateral Triangle,Area,1251.3452,Perimeter,161.2722,Centroid,22.1896,316.289,Vertices,22.041441,347.3255;-4.6147156,300.64246;49.142075,300.89908
131,Equilateral Triangle,Area,4328.17,Perimeter,299.9322,Centroid,147.356,226.994,Vertices,204.35706,236.08826;110.979614,271.81125;126.73134,173.0825
132,Polygon,Area,149581.08,Perimeter,1488.5454,Centroid,263.02145,278.52634,Vertices,
133,Equilateral Triangle,Area,781.2939,Perimeter,127.4319,Centroid,0.625836,339.548,Vertices,25.095148,337.90695;-10.18763,361.55957;-13.03001,319.1775
134,Equilateral Triangle,Area,274.24976,Perimeter,75.4995,Centroid,111.596,278.333,Vertices,117.876015,291.43564;97.10878,277.22034;119.80321,266.34305
135,Square,Area,5401.632,Perimeter,293.9832,Centroid,62.2313,73.7129,Vertices,112.384384,87.33214;48.61206,123.86598;12.078213,60.09366;75.85054,23.55981
136,Equilateral Triangle,Area,513.87665,Perimeter,103.347595,Centroid,191.112,49.2648,Vertices,179.34155,33.23236;210.88171,47.08752;183.11272,67.47452
137,Equilateral Triangle,Area,2198.426,Perimeter,213.76021,Centroid,478.443,194.748,Vertices,465.4674,233.78622;451.12268,163.9917;518.7389,186.46608
138,Square,Area,7273.9233,Perimeter,341.1492,Centroid,44.9485,488.591,Vertices,29.151213,430.38956;103.14994,472.79373;60.745785,546.7924;-13.252937,504.3883
139,Polygon,Area,68392.484,Perimeter,1197.6517,Centroid,255.13306,268.3295,Vertices,
140,Equilateral Triangle,Area,3808.6992,Perimeter,281.358,Centroid,278.571,188.295,Vertices,251.24823,141.5467;332.71762,188.00691;251.7472,235.33138
141,Equilateral Triangle,Area,71.53241,Perimeter,38.5587,Centroid,474.298,3.23706,Vertices,469.58728,-2.4965916;481.61887,2.02428;471.68787,10.183493
142,Circle,Area,24784.057,Perimeter,558.0732,Centroid,242.93,135.976,Vertices,
143,Ellipse,Area,1916.8315,Perimeter,172.89395,Centroid,85.785,438.13,Vertices,92.3455,473.988;79.22451,402.272;69.320496,441.1423;102.24951,435.1177
144,Polygon,Area,51522.04,Perimeter,1130.1206,Centroid,350.67908,216.82181,Vertices,
145,Equilateral Triangle,Area,3908.7463,Perimeter,285.02942,Centroid,123.028,237.636,Vertices,80.9344,202.4638;174.53482,218.76797;113.614784,291.6762
146,Ellipse,Area,3285.7766,Perimeter,204.1451,Centroid,347.6,248.326,Vertices,372.41226,231.65686;322.78775,264.99515;367.11206,277.36996;328.08795,219.28203
147,Equilateral Triangle,Area,1327.9443,Perimeter,166.1349,Centroid,43.418,219.238,Vertices,73.28609,207.82971;38.363827,250.80869;18.604084,199.07562
148,Square,Area,8233.149,Perimeter,362.9468,Centroid,225.93,357.951,Vertices,286.02618,335.47833;248.40265,418.04718;165.83379,380.42365;203.45734,297.8548
149,Circle,Area,4390.834,Perimeter,234.89752,Centroid,181.481,115.43,Vertices,
150,Ellipse,Area,3957.5083,Perimeter,226.46149,Centroid,339.418,495.634,Vertices,340.50128,526.3562;338.33472,464.9118;298.46555,497.07803;380.37045,494.18997
151,Equilateral Triangle,Area,190.50238,Perimeter,62.924698,Centroid,339.521,489.246,Vertices,329.83246,496.51108;338.07355,477.22296;350.65698,494.004
152,Polygon,Area,117838.45,Perimeter,1343.651,Centroid,238.81631,219.86798,Vertices,
153,Circle,Area,2301.2957,Perimeter,170.05568,Centroid,178.261,419.928,Vertices,
154,Equilateral Triangle,Area,3217.4597,Perimeter,258.5994,Centroid,29.5732,160.143,Vertices,55.141083,202.8406;-20.18795,160.93663;53.76647,116.65177
155,Square,Area,1249.0995,Perimeter,141.3704,Centroid,425.131,492.619,Vertices,410.67056,513.00146;404.74854,478.15854;439.59146,472.2365;445.5135,507.07944
156,Equilateral Triangle,Area,1558.2327,Perimeter,179.9646,Centroid,104.653,335.574,Vertices,106.776505,301.00494;133.52892,354.69754;73.65357,351.0195
157,Polygon,Area,91209.5,Perimeter,1222.3676,Centroid,219.72716,305.1358,Vertices,
158,Ellipse,Area,2369.6125,Perimeter,177.842,Centroid,459.518,340.449,Vertices,435.24365,363.6932;483.79236,317.2048;443.99625,324.23932;475.03976,356.6587
159,Ellipse,Area,1260.4078,Perimeter,129.22452,Centroid,474.43,350.311,Vertices,460.0524,369.7718;488.8076,330.85022;461.0935,340.45804;487.76648,360.16397
160,Square,Area,8675.432,Perimeter,372.568,Centroid,76.8178,117.69,Vertices,72.52578,183.41135;11.096466,113.39798;81.109825,51.968666;142.53914,121.982025
161,Circle,Area,10577.249,Perimeter,364.5787,Centroid,322.932,169.225,Vertices,
162,Equilateral Triangle,Area,909.9356,Perimeter,137.5233,Centroid,93.069,65.1998,Vertices,67.314,59.104813;111.224915,45.94281;100.66808,90.55177
163,Ellipse,Area,379.605,Perimeter,69.93203,Centroid,114.373,237.774,Vertices,123.7461,235.43694;104.9999,240.11107;117.39917,249.91083;111.34683,225.63718
164,Equilateral Triangle,Area,3717.8735,Perimeter,277.983,Centroid,45.8741,396.959,Vertices,90.869514,425.89746;-1.6850281,421.45697;48.43782,343.5226
165,Ellipse,Area,216.00446,Perimeter,63.381058,Centroid,1.7315,469.872,Vertices,6.287329,471.5483;-2.824329,468.1957;-3.1593986,483.16437;6.622399,456.57965
166,Ellipse,Area,4346.5986,Perimeter,247.39319,Centroid,157.133,461.302,Vertices,185.26337,460.71918;129.00262,461.88483;158.15157,510.46497;156.11443,412.13904
167,Square,Area,80.968864,Perimeter,35.99308,Centroid,366.795,268.573,Vertices,362.42108,273.19394;362.17407,264.19907;371.16895,263.95206;371.41595,272.94693
168,Equilateral Triangle,Area,2262.8254,Perimeter,216.8685,Centroid,499.313,265.63,Vertices,459.82678,279.14896;507.34833,224.67445;530.76385,293.0666
169,Ellipse,Area,37.912884,Perimeter,40.606544,Centroid,442.384,276.135,Vertices,443.57565,276.37057;441.19235,275.89944;440.45743,285.8814;444.31058,266.3886
170,Circle,Area,8789.071,Perimeter,332.33527,Centroid,103.472,325.408,Vertices,
171,Ellipse,Area,3456.896,Perimeter,211.76845,Centroid,281.932,453.624,Vertices,254.50186,426.75806;309.36215,480.48993;301.98526,433.14963;261.87875,474.09836
172,Ellipse,Area,2524.4668,Perimeter,183.70587,Centroid,499.345,299.135,Vertices,486.4697,318.31757;512.22034,279.95245;470.46527,279.75095;528.22473,318.51907
173,Circle,Area,7303.096,Perimeter,302.94128,Centroid,255.162,43.397,Vertices,
174,Circle,Area,10866.819,Perimeter,369.5355,Centroid,322.938,290.739,Vertices,
175,Polygon,Area,16775.334,Perimeter,575.17004,Centroid,310.10468,318.91235,Vertices,
176,Square,Area,5328.46,Perimeter,291.9852,Centroid,496.984,311.564,Vertices,544.2641,332.27203;476.27594,358.8441;449.70392,290.85593;517.6921,264.2839
177,Ellipse,Area,827.11975,Perimeter,177.7592,Centroid,172.56,207.514,Vertices,176.73409,211.94832;168.38591,203.0797;141.08006,237.14658;204.03993,177.88144
178,Square,Area,2801.4897,Perimeter,211.7164,Centroid,39.1447,115.313,Vertices,27.559694,79.724625;74.73308,103.728;50.729702,150.90138;3.556324,126.89801
179,Square,Area,126.45453,Perimeter,44.9808,Centroid,100.102,22.7101,Vertices,102.27041,15.059919;107.752174,24.87851;97.933586,30.360281;92.45182,20.54169
180,Equilateral Triangle,Area,1836.1776,Perimeter,195.35669,Centroid,44.8053,23.2052,Vertices,80.45805,35.137146;16.645555,48.115417;37.312294,-13.636963
181,Equilateral Triangle,Area,727.5891,Perimeter,122.974205,Centroid,439.027,403.864,Vertices,415.4011,405.24753;449.6418,382.7116;452.03812,423.6329
182,Polygon,Area,75424.2,Perimeter,1122.019,Centroid,342.28674,258.97845,Vertices,
183,Circle,Area,5868.233,Perimeter,271.5555,Centroid,499.928,120.341,Vertices,
184,Ellipse,Area,1878.84,Perimeter,195.47046,Centroid,422.421,410.634,Vertices,410.92758,403.6918;433.9144,417.5762;445.44916,372.5089;399.39282,448.7591
185,Circle,Area,893.57886,Perimeter,105.96718,Centroid,216.198,324.356,Vertices,
186,Ellipse,Area,1882.9728,Perimeter,167.04306,Centroid,465.227,356.088,Vertices,480.67368,347.94937;449.7803,364.22665;481.22913,386.45914;449.22485,325.7169
187,Ellipse,Area,369.45306,Perimeter,72.56801,Centroid,1.83538,345.9,Vertices,-4.6989923,341.14612;8.369752,350.65387;10.397114,334.1316;-6.726354,357.6684
188,Ellipse,Area,2466.824,Perimeter,179.75374,Centroid,372.981,410.11,Vertices,368.0588,386.91644;377.90317,433.30353;405.3768,403.2349;340.58517,416.98508
189,Circle,Area,1056.0702,Perimeter,115.19969,Centroid,469.903,177.643,Vertices,
190,Ellipse,Area,71.603546,Perimeter,163.06297,Centroid,165.878,112.01,Vertices,128.58679,128.752;203.16922,95.268005;165.64964,111.501335;166.10637,112.51867
191,Square,Area,8220.124,Perimeter,362.6596,Centroid,355.301,385.92,Vertices,294.9674,407.59766;333.62335,325.58643;415.63458,364.24237;376.97864,446.2536
192,Ellipse,Area,236.01381,Perimeter,167.98518,Centroid,462.123,4.74592,Vertices,428.7826,30.164236;495.46338,-20.672396;461.03656,3.3209023;463.2094,6.170938
193,Square,Area,2722.1262,Perimeter,208.696,Centroid,370.825,153.082,Vertices,337.89294,169.71158;354.19543,120.14995;403.75708,136.45242;387.4546,186.01405
194,Square,Area,2675.0308,Perimeter,206.8828,Centroid,32.3166,91.269,Vertices,2.5343475,70.04324;53.54236,61.486744;62.098854,112.49475;11.090845,121.051254
195,Equilateral Triangle,Area,361.67905,Perimeter,86.7027,Centroid,177.786,44.6286,Vertices,162.99681,36.90197;191.87204,35.684113;178.48912,61.29972
196,Ellipse,Area,4641.1025,Perimeter,241.50026,Centroid,411.822,457.751,Vertices,446.21573,474.68878;377.42825,440.81323;394.79788,492.32004;428.8461,423.18198
197,Square,Area,63.446163,Perimeter,31.86124,Centroid,410.734,121.158,Vertices,414.58994,117.05251;414.83948,125.013916;406.87808,125.26348;406.62854,117.30208
198,Equilateral Triangle,Area,1126.0231,Perimeter,152.98349,Centroid,66.4033,333.706,Vertices,94.16973,323.9163;60.998203,362.64728;44.041958,314.5544
199,Ellipse,Area,132.18788,Perimeter,174.35808,Centroid,135.732,315.83,Vertices,136.5449,315.31235;134.91908,316.34763;159.18236,352.6581;112.281624,279.00186
200,Circle,Area,31006.6,Perimeter,624.21185,Centroid,75.1262,210.342,Vertices,
201,Circle,Area,11804.284,Perimeter,385.14545,Centroid,50.618,291.049,Vertices,
202,Equilateral Triangle,Area,506.33862,Perimeter,102.58679,Centroid,367.516,334.023,Vertices,376.00067,351.84967;347.8353,332.4576;378.712,317.76175
203,Circle,Area,12119.523,Perimeter,390.2543,Centroid,322.936,283.356,Vertices,
204,Equilateral Triangle,Area,4015.8677,Perimeter,288.9087,Centroid,61.318,322.268,Vertices,51.742695,267.49823;113.53769,341.36044;18.673618,357.94534
205,Ellipse,Area,4229.6323,Perimeter,232.38313,Centroid,368.679,422.122,Vertices,365.5113,462.67517;371.84668,381.56885;335.6811,419.5445;401.67688,424.69952
206,Equilateral Triangle,Area,1062.0228,Perimeter,148.5723,Centroid,382.699,439.186,Vertices,362.2599,419.1913;410.2345,431.48254;375.60266,466.88416
207,Equilateral Triangle,Area,0.118937545,Perimeter,1.572282,Centroid,219.59,394.946,Vertices,219.77763,394.70862;219.70175,395.2272;219.2906,394.90222
208,Circle,Area,11926.963,Perimeter,387.14163,Centroid,61.5723,117.7,Vertices,
209,Equilateral Triangle,Area,972.3257,Perimeter,142.1598,Centroid,296.78,230.903,Vertices,269.49692,232.93532;308.6615,206.259;312.18158,253.51468
210,Square,Area,2019.8911,Perimeter,179.7728,Centroid,143.829,283.744,Vertices,150.32788,252.63596;174.93703,290.2429;137.33011,314.85202;112.720955,277.24512
211,Equilateral Triangle,Area,42.427143,Perimeter,29.69565,Centroid,26.4501,15.6155,Vertices,22.554607,19.797075;24.776497,10.151117;32.019196,16.898308
212,Ellipse,Area,1317.653,Perimeter,202.32706,Centroid,171.188,192.097,Vertices,217.58426,177.72485;124.79175,206.46915;173.74313,200.34549;168.63287,183.84851
213,Circle,Area,19178.146,Perimeter,490.9172,Centroid,314.435,95.5094,Vertices,
214,Equilateral Triangle,Area,575.04926,Perimeter,109.326004,Centroid,445.409,324.701,Vertices,466.40237,323.30402;436.12213,343.58026;433.7025,307.2187
215,Equilateral Triangle,Area,1608.2937,Perimeter,182.8326,Centroid,199.829,97.1591,Vertices,208.07626,62.953144;225.32858,121.404434;166.08212,107.11973
216,Circle,Area,16273.531,Perimeter,452.2159,Centroid,330.129,90.3671,Vertices,
217,Ellipse,Area,780.26324,Perimeter,167.4998,Centroid,193.961,359.916,Vertices,234.54283,358.60208;153.37917,361.2299;194.15894,366.0297;193.76306,353.80228
218,Square,Area,696.50073,Perimeter,105.5652,Centroid,239.65,247.747,Vertices,230.22351,263.85263;223.54436,238.32051;249.07648,231.64136;255.75563,257.1735
219,Ellipse,Area,2878.617,Perimeter,198.74449,Centroid,447.825,42.355,Vertices,464.80856,25.82403;430.84146,58.88597;474.79105,70.05931;420.85898,14.650692
220,Equilateral Triangle,Area,2456.1995,Perimeter,225.945,Centroid,110.563,445.16,Vertices,153.76971,450.0552;84.72028,480.13052;93.19901,405.29428
221,Polygon,Area,183687.95,Perimeter,1677.3502,Centroid,249.46625,242.6013,Vertices,
222,Circle,Area,18122.398,Perimeter,477.21356,Centroid,272.921,371.222,Vertices,
223,Polygon,Area,164911.22,Perimeter,1528.7145,Centroid,265.4993,284.07205,Vertices,
224,Equilateral Triangle,Area,1489.7764,Perimeter,175.9671,Centroid,286.517,435.412,Vertices,254.8206,447.33545;292.03915,402.00037;312.69122,456.90015
225,Polygon,Area,63668.742,Perimeter,1210.048,Centroid,289.72446,299.074,Vertices,
226,Equilateral Triangle,Area,3816.0854,Perimeter,281.6307,Centroid,232.58,390.187,Vertices,283.68195,408.2484;191.38739,425.4119;222.67067,336.90073
227,Polygon,Area,150424.19,Perimeter,1520.3833,Centroid,233.85005,275.01913,Vertices,
228,Circle,Area,1647.0509,Perimeter,143.86609,Centroid,288.721,386.897,Vertices,
229,Square,Area,1704.9962,Perimeter,165.1664,Centroid,403.209,429.924,Vertices,390.4672,456.1946;376.93842,417.1822;415.95084,403.6534;429.4796,442.66583
230,Equilateral Triangle,Area,1242.4133,Perimeter,160.6956,Centroid,2.94028,180.314,Vertices,31.265247,192.72797;-21.973011,198.63715;-0.47139263,149.57687
231,Ellipse,Area,3440.6536,Perimeter,210.66873,Centroid,338.178,449.087,Vertices,320.28836,471.8986;356.06766,426.27542;308.45065,425.77377;367.90536,472.40024
232,Ellipse,Area,5270.5137,Perimeter,262.67532,Centroid,121.777,351.517,Vertices,140.52194,396.09058;103.03206,306.94342;89.79517,364.9666;153.75882,338.06738
233,Ellipse,Area,793.4304,Perimeter,138.07663,Centroid,35.8415,105.683,Vertices,30.786255,111.646286;40.896744,99.71971;11.19883,84.792725;60.48417,126.57327
234,Circle,Area,3.2132483,Perimeter,6.354437,Centroid,250.655,426.403,Vertices,
235,Equilateral Triangle,Area,56.605553,Perimeter,34.3005,Centroid,58.601,16.027,Vertices,54.89768,10.562536;65.18503,15.552061;55.7203,21.966404
236,Ellipse,Area,926.4623,Perimeter,200.30362,Centroid,425.145,207.539,Vertices,419.8252,204.72423;430.46478,210.35378;448.06082,164.22922;402.22916,250.84879
237,Circle,Area,1131.2039,Perimeter,119.22721,Centroid,295.221,91.3563,Vertices,
238,Square,Area,30.331015,Perimeter,22.02944,Centroid,80.4496,468.102,Vertices,77.197845,470.24478;78.3068,464.85022;83.701355,465.9592;82.5924,471.35376
239,Equilateral Triangle,Area,2495.3914,Perimeter,227.7405,Centroid,5.48359,284.68,Vertices,-25.12555,316.04932;-6.378456,242.48705;47.954777,295.50363
240,Equilateral Triangle,Area,1484.3358,Perimeter,175.64551,Centroid,120.929,31.8005,Vertices,89.7053,18.849722;147.75656,11.235376;125.32514,65.31641
241,Circle,Area,130.70541,Perimeter,40.52768,Centroid,10.4677,145.605,Vertices,
242,Square,Area,4102.403,Perimeter,256.2,Centroid,229.853,418.575,Vertices,245.39401,376.0347;272.3933,434.11603;214.31197,461.11533;187.31268,403.034
243,Polygon,Area,33471.156,Perimeter,897.6291,Centroid,209.75357,296.62808,Vertices,
244,Circle,Area,14092.003,Perimeter,420.8151,Centroid,497.087,238.079,Vertices,
245,Square,Area,3003.1387,Perimeter,219.2036,Centroid,431.261,4.26044,Vertices,463.05206,26.416618;409.1048,36.05152;399.4699,-17.89574;453.41718,-27.530643
246,Polygon,Area,114528.83,Perimeter,1308.9753,Centroid,205.2164,190.48329,Vertices,
247,Polygon,Area,168825.11,Perimeter,1573.3499,Centroid,264.59024,238.61115,Vertices,
248,Polygon,Area,106220.96,Perimeter,1335.9148,Centroid,258.19116,263.42538,Vertices,
249,Square,Area,48.104767,Perimeter,27.74304,Centroid,92.8995,298.439,Vertices,88.77606,301.09412;90.24438,294.31555;97.022934,295.78387;95.55462,302.56244
250,Circle,Area,6306.653,Perimeter,281.51685,Centroid,403.592,61.7371,Vertices,
251,Square,Area,4216.1,Perimeter,259.726,Centroid,395.805,120.929,Vertices,406.35922,165.61298;351.121,131.48323;385.25076,76.245026;440.48898,110.37476
252,Polygon,Area,100651.46,Perimeter,1333.3765,Centroid,306.7842,316.37604,Vertices,
253,Ellipse,Area,3148.845,Perimeter,206.16248,Centroid,424.242,436.504,Vertices,405.58658,419.2633;442.89743,453.7447;451.02243,407.5261;397.46158,465.4819
254,Equilateral Triangle,Area,1694.8567,Perimeter,187.6884,Centroid,435.861,213.047,Vertices,404.5689,195.00517;467.1317,194.96817;435.88235,249.16763
255,Polygon,Area,79612.28,Perimeter,1360.0327,Centroid,248.35347,163.69894,Vertices,
256,Ellipse,Area,444.68768,Perimeter,99.40818,Centroid,146.792,391.376,Vertices,124.793106,398.09396;168.79091,384.65805;144.99472,385.4905;148.5893,397.2615
257,Circle,Area,20770.623,Perimeter,510.8927,Centroid,450.047,354.125,Vertices,
258,Equilateral Triangle,Area,1532.2675,Perimeter,178.45891,Centroid,95.17,3.78347,Vertices,61.58609,-3.4040945;118.18657,-21.707264;105.737335,36.46177
259,Polygon,Area,81435.61,Perimeter,1278.5283,Centroid,267.15863,189.24208,Vertices,
260,Polygon,Area,96788.97,Perimeter,1310.5813,Centroid,215.77748,242.34702,Vertices,
261,Polygon,Area,82481.375,Perimeter,1215.2317,Centroid,299.3663,349.8078,Vertices,
262,Square,Area,7131.16,Perimeter,337.7848,Centroid,182.398,102.285,Vertices,128.98872,75.58238;209.10062,48.875732;235.80727,128.98763;155.69537,155.69427
263,Polygon,Area,166260.44,Perimeter,1567.0942,Centroid,268.82022,235.5574,Vertices,
264,Ellipse,Area,2272.9177,Perimeter,191.05215,Centroid,369.644,162.832,Vertices,379.4207,123.23808;359.86734,202.42592;386.86673,167.0847;352.4213,158.5793
265,Polygon,Area,122534.07,Perimeter,1412.158,Centroid,225.64069,306.22745,Vertices,
266,Ellipse,Area,74.41439,Perimeter,122.3922,Centroid,0.107303,31.8463,Vertices,-0.62593883,32.091717;0.8405449,31.600882;-9.61579,2.7963905;9.830396,60.89621
267,Ellipse,Area,4589.74,Perimeter,247.8693,Centroid,258.115,38.9504,Vertices,256.55246,-8.027321;259.67752,85.92812;289.17963,37.91716;227.05037,39.983643
268,Equilateral Triangle,Area,952.07324,Perimeter,140.6715,Centroid,389.986,232.453,Vertices,392.11374,259.4415;365.5494,220.80144;412.29486,217.11607
269,Circle,Area,5955.698,Perimeter,273.57178,Centroid,14.9151,168.498,Vertices,
270,Ellipse,Area,219.24147,Perimeter,73.40158,Centroid,348.93,144.578,Vertices,345.91772,147.28818;351.94226,141.86783;337.4107,131.7746;360.44928,157.38141
271,Polygon,Area,185719.05,Perimeter,1643.5996,Centroid,233.1678,265.4761,Vertices,
272,Square,Area,1273.9617,Perimeter,142.7704,Centroid,499.807,341.629,Vertices,522.8273,331.28256;510.15344,364.64926;476.78674,351.97543;489.46057,318.60873
273,Polygon,Area,109852.375,Perimeter,1322.428,Centroid,222.78911,237.45103,Vertices,
274,Ellipse,Area,2672.2817,Perimeter,183.5036,Centroid,114.162,68.9237,Vertices,88.56448,80.12512;139.75952,57.722275;101.95754,41.034035;126.36646,96.81336
275,Ellipse,Area,4419.932,Perimeter,236.60567,Centroid,294.893,78.4714,Vertices,331.29236,95.84305;258.49365,61.099747;279.8684,109.952896;309.9176,46.9899
276,Square,Area,2096.797,Perimeter,183.1632,Centroid,224.732,12.74,Vertices,256.85382,8.6673355;228.80466,44.86183;192.61017,16.81266;220.65933,-19.38183
277,Polygon,Area,32636.883,Perimeter,900.932,Centroid,213.21767,266.48578,Vertices,
278,Square,Area,5095.2617,Perimeter,285.5244,Centroid,399.066,315.757,Vertices,377.00464,361.15442;353.66858,293.6956;421.1274,270.35956;444.46344,337.81836
279,Ellipse,Area,3810.942,Perimeter,218.85017,Centroid,253.247,341.241,Vertices,220.09537,329.58572;286.39862,352.89627;264.69638,308.67505;241.7976,373.80695
280,Ellipse,Area,3278.2275,Perimeter,222.27498,Centroid,276.246,260.52,Vertices,274.03262,237.99277;278.45938,283.0472;322.12448,256.01227;230.36752,265.0277
281,Circle,Area,19791.115,Perimeter,498.7008,Centroid,103.291,365.011,Vertices,
282,Equilateral Triangle,Area,2033.1448,Perimeter,205.5678,Centroid,374.044,372.706,Vertices,413.55872,374.63004;352.62036,405.96472;355.9529,337.52322
283,Polygon,Area,55113.54,Perimeter,944.61066,Centroid,330.34387,291.41962,Vertices,
284,Square,Area,323.48898,Perimeter,71.9432,Centroid,43.8606,208.093,Vertices,55.025764,202.00337;49.95023,219.25816;32.695435,214.18263;37.77097,196.92784
285,Ellipse,Area,2126.2844,Perimeter,208.82367,Centroid,199.986,402.781,Vertices,214.18625,402.62656;185.78574,402.93546;200.5043,450.43768;199.46768,355.12433
286,Circle,Area,23710.16,Perimeter,545.8486,Centroid,481.188,198.505,Vertices,
287,Equilateral Triangle,Area,347.36188,Perimeter,84.9693,Centroid,478.624,477.693,Vertices,463.76938,484.5296;480.1306,461.4102;491.972,487.13916
288,Polygon,Area,69485.1,Perimeter,1257.9496,Centroid,264.58002,274.1202,Vertices,
289,Ellipse,Area,5064.3286,Perimeter,256.06085,Centroid,397.172,160.917,Vertices,439.86188,143.11333;354.48212,178.72069;410.587,193.08365;383.757,128.75037
290,Circle,Area,5113.631,Perimeter,253.49513,Centroid,27.3183,17.7432,Vertices,
291,Circle,Area,1686.9247,Perimeter,145.59712,Centroid,309.917,166.521,Vertices,
292,Polygon,Area,128722.97,Perimeter,1432.5485,Centroid,249.69656,289.0935,Vertices,
293,Circle,Area,17866.379,Perimeter,473.83072,Centroid,124.908,47.6993,Vertices,
294,Square,Area,16.111311,Perimeter,16.05556,Centroid,366.745,109.961,Vertices,366.81747,112.798325;363.90768,110.03347;366.67252,107.12367;369.5823,109.88853
295,Ellipse,Area,3866.987,Perimeter,240.10535,Centroid,427.192,6.44849,Vertices,407.0877,-8.177755;447.29626,21.074736;456.31863,-33.5871;398.06534,46.48408
296,Circle,Area,18172.496,Perimeter,477.8727,Centroid,350.964,10.5252,Vertices,
297,Equilateral Triangle,Area,1415.416,Perimeter,171.5193,Centroid,321.039,226.349,Vertices,292.2055,210.27985;349.37204,209.41306;321.53943,259.35413
298,Equilateral Triangle,Area,2202.142,Perimeter,213.9408,Centroid,51.8949,433.383,Vertices,11.004246,438.1959;68.172134,395.5642;76.508316,466.3889
299,Ellipse,Area,3453.5718,Perimeter,210.85823,Centroid,111.191,319.196,Vertices,108.76622,356.77615;113.61578,281.61588;82.05998,317.3164;140.32202,321.07562
300,Equilateral Triangle,Area,2804.476,Perimeter,241.4331,Centroid,240.881,418.411,Vertices,212.0659,381.96136;286.85486,411.68124;223.72221,461.59045
301,Circle,Area,17649.977,Perimeter,470.9524,Centroid,165.555,476.035,Vertices,
302,Circle,Area,1696.7081,Perimeter,146.0187,Centroid,273.701,111.165,Vertices,
303,Circle,Area,740.56757,Perimeter,96.46889,Centroid,363.605,26.2837,Vertices,
304,Circle,Area,9911.094,Perimeter,352.91144,Centroid,78.4867,79.7296,Vertices,
305,Equilateral Triangle,Area,205.0625,Perimeter,65.285095,Centroid,184.372,123.729,Vertices,172.65186,119.20181;194.15273,115.84264;186.31142,136.14253
306,Circle,Area,14597.565,Perimeter,428.29712,Centroid,78.3682,32.9151,Vertices,
307,Equilateral Triangle,Area,2715.8652,Perimeter,237.58829,Centroid,302.715,374.361,Vertices,328.77554,336.79077;322.2215,415.7152;257.14795,370.577
308,Polygon,Area,129849.56,Perimeter,1441.1049,Centroid,206.81146,252.27602,Vertices,
309,Polygon,Area,126058.8,Perimeter,1462.8098,Centroid,275.09616,278.0373,Vertices,
310,Ellipse,Area,1681.6,Perimeter,159.98753,Centroid,247.036,485.031,Vertices,249.98767,469.25415;244.08432,500.80786;279.81613,491.16382;214.25586,478.8982
311,Circle,Area,22722.209,Perimeter,534.3554,Centroid,239.943,29.4662,Vertices,
312,Ellipse,Area,4529.7393,Perimeter,238.61201,Centroid,18.4319,365.827,Vertices,16.434843,328.3794;20.428957,403.2746;56.82614,363.77945;-19.962341,367.87454
313,Equilateral Triangle,Area,1574.5933,Perimeter,180.90689,Centroid,360.978,205.284,Vertices,347.97278,172.9887;395.44916,210.1688;339.51205,232.69449
314,Ellipse,Area,32.53371,Perimeter,181.63397,Centroid,249.242,262.298,Vertices,275.52774,299.53052;222.95625,225.0655;249.05638,262.42905;249.42763,262.16696
315,Square,Area,426.1954,Perimeter,82.578,Centroid,172.99,183.494,Vertices,176.95416,169.44469;187.03932,187.45816;169.02585,197.54332;158.94069,179.52985
316,Polygon,Area,61781.418,Perimeter,1270.1885,Centroid,234.5482,237.23097,Vertices,
317,Equilateral Triangle,Area,1848.1022,Perimeter,195.99,Centroid,328.146,301.134,Vertices,331.08716,338.73746;294.10986,284.8794;359.24097,279.78516
318,Equilateral Triangle,Area,362.58316,Perimeter,86.811005,Centroid,215.129,141.7,Vertices,230.47643,148.30101;201.73865,151.69075;213.17194,125.10823
319,Ellipse,Area,915.68567,Perimeter,176.04431,Centroid,497.118,145.124,Vertices,483.942,104.70035;510.29404,185.54764;503.63596,142.99948;490.60007,147.2485
320,Ellipse,Area,2275.147,Perimeter,173.4985,Centroid,212.954,18.4201,Vertices,242.69691,31.33712;183.21107,5.5030794;204.05756,38.90518;221.85043,-2.0649815
321,Ellipse,Area,875.17883,Perimeter,111.742065,Centroid,46.0477,266.237,Vertices,24.264267,271.5593;67.83113,260.9147;43.09913,254.16888;48.99627,278.3051
322,Ellipse,Area,1527.364,Perimeter,180.74237,Centroid,208.368,182.691,Vertices,213.87207,193.01265;202.86392,172.36934;171.69418,202.2475;245.04181,163.13449
323,Equilateral Triangle,Area,33.229267,Perimeter,26.280361,Centroid,281.08,22.124,Vertices,276.07138,21.421259;284.19287,18.137798;282.97568,26.812946
324,Equilateral Triangle,Area,901.4755,Perimeter,136.88249,Centroid,136.334,483.409,Vertices,118.03261,464.4613;161.89389,477.0334;129.0755,508.7323
325,Circle,Area,3494.548,Perimeter,209.55617,Centroid,201.028,202.759,Vertices,
326,Circle,Area,2230.225,Perimeter,167.4092,Centroid,282.149,477.168,Vertices,
327,Square,Area,6376.518,Perimeter,319.4124,Centroid,243.382,190.55,Vertices,241.4412,134.1187;299.8133,188.60919;245.32281,246.98131;186.9507,192.49081
328,Circle,Area,101.140594,Perimeter,35.65067,Centroid,76.118,203.372,Vertices,
329,Circle,Area,30312.166,Perimeter,617.18225,Centroid,119.243,419.58,Vertices,
330,Ellipse,Area,2539.8562,Perimeter,182.7273,Centroid,432.491,483.537,Vertices,466.33426,482.94144;398.64774,484.13254;432.91122,507.418;432.07077,459.65598
331,Ellipse,Area,1332.4158,Perimeter,179.15173,Centroid,455.022,384.156,Vertices,453.32507,374.18427;456.71893,394.12775;496.35727,377.12183;413.68674,391.1902
332,Equilateral Triangle,Area,1039.9393,Perimeter,147.0195,Centroid,360.882,350.353,Vertices,333.00803,345.49625;379.02502,328.6418;370.6129,376.92093
333,Polygon,Area,63578.008,Perimeter,1037.4636,Centroid,186.85152,237.2717,Vertices,
334,Ellipse,Area,698.77826,Perimeter,108.15708,Centroid,271.712,314.162,Vertices,258.41733,333.47214;285.00668,294.85184;263.89746,308.7818;279.52655,319.54218
335,Equilateral Triangle,Area,1881.7932,Perimeter,197.7684,Centroid,443.419,99.0519,Vertices,409.20795,82.37233;474.96948,77.764046;446.0796,137.01933
336,Square,Area,2214.3896,Perimeter,188.2292,Centroid,50.0798,202.668,Vertices,55.395523,169.82082;82.92699,207.98372;44.764072,235.51518;17.232613,197.35228
337,Circle,Area,27757.816,Perimeter,590.60565,Centroid,125.912,374.163,Vertices,
338,Circle,Area,20356.234,Perimeter,505.7707,Centroid,114.107,115.501,Vertices,
339,Circle,Area,2584.778,Perimeter,180.22563,Centroid,410.98,55.3826,Vertices,
340,Polygon,Area,188649.6,Perimeter,1685.8909,Centroid,236.82556,263.4643,Vertices,
341,Ellipse,Area,1294.7812,Perimeter,147.49681,Centroid,382.552,164.346,Vertices,379.59686,176.87706;385.50714,151.81493;351.39514,156.99843;413.70886,171.69356
342,Ellipse,Area,1121.2487,Perimeter,139.70042,Centroid,444.608,2.33868,Vertices,444.80368,-9.299675;444.41232,13.9770355;475.26556,2.854115;413.95044,1.823245
343,Circle,Area,537.07294,Perimeter,82.15265,Centroid,191.109,455.713,Vertices,
344,Polygon,Area,156317.03,Perimeter,1579.4585,Centroid,259.1959,227.7,Vertices,
345,Equilateral Triangle,Area,428.35114,Perimeter,94.3563,Centroid,268.251,498.157,Vertices,258.77045,482.66946;286.4039,497.69037;259.57867,514.1112
346,Equilateral Triangle,Area,2618.1611,Perimeter,233.2755,Centroid,142.627,276.936,Vertices,124.62268,318.0615;116.01344,240.78107;187.24487,271.96545
347,Equilateral Triangle,Area,1163.3938,Perimeter,155.5014,Centroid,58.9117,248.169,Vertices,31.411566,236.36548;82.88393,230.25496;62.439606,277.8866
348,Circle,Area,10205.029,Perimeter,358.10638,Centroid,181.982,404.552,Vertices,
349,Ellipse,Area,423.41824,Perimeter,99.63721,Centroid,138.115,297.609,Vertices,133.97644,293.54486;142.25357,301.67316;154.39557,281.0304;121.83445,314.18762
350,Circle,Area,9832.024,Perimeter,351.5009,Centroid,274.513,370.813,Vertices,
351,Circle,Area,23.717192,Perimeter,17.263807,Centroid,303.572,132.629,Vertices,
352,Circle,Area,4543.6016,Perimeter,238.94891,Centroid,247.548,57.1366,Vertices,
353,Equilateral Triangle,Area,265.5046,Perimeter,74.285995,Centroid,199.584,362.106,Vertices,188.91142,371.61816;196.6825,348.10718;213.15808,366.59262
354,Ellipse,Area,2847.6208,Perimeter,216.38588,Centroid,40.1507,64.6184,Vertices,51.489555,80.418755;28.811846,48.818047;2.284336,91.79256;78.01706,37.44425
355,Square,Area,64.82343,Perimeter,32.2052,Centroid,312.045,432.814,Vertices,317.73,433.11838;311.74063,438.499;306.36002,432.5096;312.3494,427.129
356,Ellipse,Area,4.525601,Perimeter,152.09348,Centroid,332.117,234.698,Vertices,293.9408,235.12685;370.2932,234.26915;332.11658,234.66026;332.11743,234.73573
357,Polygon,Area,78992.6,Perimeter,1190.1633,Centroid,223.22426,189.87605,Vertices,
358,Circle,Area,23952.7,Perimeter,548.6333,Centroid,70.919,440.559,Vertices,
359,Equilateral Triangle,Area,1438.0243,Perimeter,172.8837,Centroid,41.6123,286.751,Vertices,51.507324,254.98499;64.17497,311.20337;9.154606,294.06467
360,Equilateral Triangle,Area,763.16895,Perimeter,125.9451,Centroid,335.82,401.392,Vertices,343.359,424.42786;312.10086,396.40305;352.00015,383.3451
361,Circle,Area,4384.7285,Perimeter,234.73416,Centroid,15.1339,168.077,Vertices,
362,Equilateral Triangle,Area,136.01595,Perimeter,53.169903,Centroid,296.489,373.648,Vertices,286.26105,373.95456;301.33752,364.63705;301.86847,382.35242
363,Circle,Area,18263.98,Perimeter,479.07407,Centroid,274.165,244.325,Vertices,
364,Ellipse,Area,1331.8783,Perimeter,145.00636,Centroid,289.758,87.2975,Vertices,311.06284,65.14128;268.45316,109.45372;299.69998,96.85745;279.816,77.73755
365,Circle,Area,9652.462,Perimeter,348.27634,Centroid,275.603,352.218,Vertices,
366,Circle,Area,1114.0531,Perimeter,118.31992,Centroid,165.068,172.86,Vertices,
367,Square,Area,7516.4224,Perimeter,346.7892,Centroid,124.574,438.289,Vertices,113.52037,377.9895;184.87349,427.23538;135.62761,498.5885;64.274506,449.34262
368,Circle,Area,14438.544,Perimeter,425.95786,Centroid,3.41649,73.1877,Vertices,
369,Polygon,Area,145980.6,Perimeter,1456.2198,Centroid,215.01605,193.27327,Vertices,
370,Ellipse,Area,20.665684,Perimeter,35.613613,Centroid,488.443,199.849,Vertices,488.37717,199.10492;488.50882,200.59308;497.215,199.07286;479.671,200.62514
371,Equilateral Triangle,Area,2887.7656,Perimeter,244.992,Centroid,489.147,279.98,Vertices,493.7166,233.05324;527.50195,307.4008;446.2224,299.486
372,Ellipse,Area,174.8219,Perimeter,47.04739,Centroid,244.506,457.973,Vertices,236.75713,455.95422;252.25487,459.99176;246.258,451.24805;242.754,464.69794
373,Ellipse,Area,4699.2188,Perimeter,244.96332,Centroid,288.149,308.367,Vertices,259.59805,328.38446;316.69992,288.34955;263.5225,273.24213;312.77548,343.49188
374,Equilateral Triangle,Area,3386.9812,Perimeter,265.3245,Centroid,384.623,235.674,Vertices,403.52185,283.10956;334.09314,228.32312;416.25394,195.58932
375,Ellipse,Area,3556.3613,Perimeter,218.26054,Centroid,367.223,338.853,Vertices,366.24878,366.16562;368.1972,311.54037;325.8287,337.37653;408.61728,340.32947
376,Polygon,Area,160317.47,Perimeter,1575.8789,Centroid,219.30717,246.17365,Vertices,
377,Circle,Area,7483.078,Perimeter,306.6515,Centroid,42.0246,113.649,Vertices,
378,Ellipse,Area,215.80905,Perimeter,167.53233,Centroid,192.244,254.164,Vertices,191.63722,252.63832;192.85078,255.68968;231.11998,238.70271;153.36803,269.62527
379,Equilateral Triangle,Area,4077.451,Perimeter,291.11548,Centroid,220.989,426.055,Vertices,216.43811,370.21494;271.62335,450.03384;174.90552,457.9162
380,Circle,Area,10010.759,Perimeter,354.68143,Centroid,334.107,320.121,Vertices,
381,Ellipse,Area,1484.7639,Perimeter,136.76602,Centroid,175.787,85.217,Vertices,153.59651,89.743256;197.9775,80.69075;171.6163,64.76962;179.9577,105.66438
382,Polygon,Area,129456.39,Perimeter,1355.4231,Centroid,274.9223,237.38719,Vertices,
383,Circle,Area,22.286856,Perimeter,16.73514,Centroid,370.276,5.03153,Vertices,
384,Circle,Area,2495.1316,Perimeter,177.07272,Centroid,381.779,11.2414,Vertices,
385,Ellipse,Area,147.9943,Perimeter,43.904133,Centroid,368.62,44.6712,Vertices,369.07578,36.668438;368.1642,52.67396;374.48743,45.005367;362.75256,44.337032
386,Circle,Area,3675.564,Perimeter,214.9151,Centroid,34.3846,264.105,Vertices,
387,Polygon,Area,138398.77,Perimeter,1422.2698,Centroid,265.30444,283.22424,Vertices,
388,Equilateral Triangle,Area,1755.6965,Perimeter,191.0274,Centroid,318.083,252.896,Vertices,344.101,278.86902;282.5807,262.44174;327.56732,217.37721
389,Circle,Area,107.07034,Perimeter,36.680862,Centroid,227.459,126.444,Vertices,
390,Ellipse,Area,43.032978,Perimeter,31.205873,Centroid,300.863,215.352,Vertices,299.08072,215.98631;302.6453,214.7177;298.4353,208.53053;303.2907,222.17348
391,Circle,Area,24050.676,Perimeter,549.7542,Centroid,369.129,152.861,Vertices,
392,Square,Area,19.14605,Perimeter,17.50248,Centroid,24.8854,307.495,Vertices,21.90594,308.32916;24.051235,304.51553;27.864862,306.66083;25.719566,310.47446
393,Equilateral Triangle,Area,51.20581,Perimeter,32.6235,Centroid,431.572,175.571,Vertices,431.98233,181.83597;425.9412,172.79388;436.79245,172.08313
394,Circle,Area,730.6167,Perimeter,95.81858,Centroid,341.876,178.181,Vertices,
395,Equilateral Triangle,Area,125.14656,Perimeter,51.0012,Centroid,271.497,280.91,Vertices,280.37677,285.0918;263.43558,286.50922;270.67868,271.129
396,Ellipse,Area,1959.482,Perimeter,178.26677,Centroid,91.6657,195.829,Vertices,103.43427,207.14674;79.89713,184.51125;65.18639,223.36305;118.14501,168.29494
397,Circle,Area,22009.184,Perimeter,525.90454,Centroid,23.6028,58.9492,Vertices,
398,Circle,Area,3871.7532,Perimeter,220.57626,Centroid,484.089,340.73,Vertices,
399,Equilateral Triangle,Area,0.66002464,Perimeter,3.7038298,Centroid,411.198,271.815,Vertices,411.2148,271.1024;411.80673,272.18585;410.57245,272.15674
400,Polygon,Area,77654.2,Perimeter,1248.7802,Centroid,260.87445,220.36429,Vertices,
401,Polygon,Area,118588.72,Perimeter,1390.1388,Centroid,264.1428,265.03723,Vertices,
402,Ellipse,Area,306.42346,Perimeter,112.01284,Centroid,14.2279,289.3,Vertices,17.669546,290.24228;10.786253,288.3577;7.0096655,315.6641;21.446133,262.93588
403,Circle,Area,29910.916,Perimeter,613.08374,Centroid,34.5528,79.6842,Vertices,
404,Equilateral Triangle,Area,4104.683,Perimeter,292.086,Centroid,291.172,117.544,Vertices,347.31375,114.7354;265.53342,167.5685;260.6688,70.3281
405,Square,Area,9865.952,Perimeter,397.31,Centroid,496.136,282.922,Vertices,565.4574,294.21448;484.8435,352.2434;426.81458,271.62952;507.42847,213.6006
406,Circle,Area,9624.619,Perimeter,347.77368,Centroid,265.738,209.685,Vertices,
407,Equilateral Triangle,Area,38.780415,Perimeter,28.39077,Centroid,263.072,227.713,Vertices,257.60825,227.7388;265.78152,222.96835;265.8262,232.43184
408,Polygon,Area,92640.586,Perimeter,1166.6415,Centroid,230.572,265.07077,Vertices,
409,Ellipse,Area,397.94995,Perimeter,113.819496,Centroid,206.856,228.561,Vertices,206.35332,223.96828;207.35869,233.15373;234.11034,225.57794;179.60167,231.54407
410,Polygon,Area,99027.2,Perimeter,1399.792,Centroid,234.64684,250.54279,Vertices,
411,Circle,Area,6693.268,Perimeter,290.0174,Centroid,370.05,49.2004,Vertices,
412,Polygon,Area,48912.914,Perimeter,1059.448,Centroid,195.37093,225.57588,Vertices,
413,Square,Area,6546.898,Perimeter,323.6516,Centroid,282.194,435.325,Vertices,242.37375,476.4078;241.1112,395.50476;322.01425,394.24222;323.2768,475.14526
414,Circle,Area,1465.9044,Perimeter,135.72435,Centroid,78.9188,414.485,Vertices,
415,Ellipse,Area,392.40475,Perimeter,80.84375,Centroid,344.62,72.1894,Vertices,351.75873,72.03678;337.48126,72.34202;344.9939,89.678406;344.2461,54.700394
416,Ellipse,Area,7051.8945,Perimeter,298.1358,Centroid,309.056,452.057,Vertices,341.86972,420.82947;276.24228,483.28455;343.21756,487.95377;274.89444,416.16025
417,Polygon,Area,44725.906,Perimeter,975.371,Centroid,298.43137,342.2227,Vertices,
418,Circle,Area,17664.438,Perimeter,471.1453,Centroid,39.7498,444.7,Vertices,
419,Equilateral Triangle,Area,6.7703867,Perimeter,11.86254,Centroid,404.651,148.665,Vertices,402.59244,149.652;404.8255,146.38873;406.53506,149.95425
420,Ellipse,Area,2286.1694,Perimeter,178.03894,Centroid,16.1,368.381,Vertices,32.71138,380.93195;-0.51137733,355.83008;-4.9708385,396.26862;37.170837,340.4934
421,Circle,Area,14672.098,Perimeter,429.38913,Centroid,141.681,449.922,Vertices,
422,Ellipse,Area,1086.728,Perimeter,139.71806,Centroid,453.18,375.956,Vertices,460.28143,345.8385;446.07855,406.0735;464.0606,378.52155;442.29938,373.39044
423,Circle,Area,10006.255,Perimeter,354.60162,Centroid,104.829,129.312,Vertices,
424,Circle,Area,18862.568,Perimeter,486.8614,Centroid,401.956,3.09269,Vertices,
425,Polygon,Area,115479.1,Perimeter,1359.6794,Centroid,238.17014,260.9834,Vertices,
426,Ellipse,Area,151.97299,Perimeter,45.96765,Centroid,281.517,333.463,Vertices,282.85767,338.64005;280.17633,328.28598;272.7602,335.73068;290.2738,331.19534
427,Polygon,Area,103117.69,Perimeter,1259.871,Centroid,312.31168,241.26524,Vertices,
428,Ellipse,Area,2501.5442,Perimeter,184.2793,Centroid,65.1816,168.475,Vertices,74.57686,134.26291;55.786343,202.6871;86.82386,174.41837;43.539345,162.53165
429,Ellipse,Area,1384.9359,Perimeter,135.06013,Centroid,299.823,219.084,Vertices,316.27716,225.25246;283.36884,212.91554;291.0167,242.57455;308.6293,195.59344
430,Equilateral Triangle,Area,426.5988,Perimeter,94.1631,Centroid,207.68,176.277,Vertices,203.97197,194.01527;194.17221,164.19661;224.89581,170.61911
431,Square,Area,7974.383,Perimeter,357.1976,Centroid,339.955,271.506,Vertices,337.61453,334.60684;276.85416,269.16556;342.29544,208.40518;403.05582,273.84647
432,Square,Area,1606.238,Perimeter,160.3116,Centroid,158.68,211.847,Vertices,130.99207,205.80565;164.72134,184.15907;186.36792,217.88835;152.63864,239.53493
433,Ellipse,Area,1483.5948,Perimeter,146.1821,Centroid,251.753,98.0809,Vertices,281.25616,99.23411;222.24983,96.9277;251.1283,114.062996;252.37772,82.09881
434,Circle,Area,14365.075,Perimeter,424.87277,Centroid,347.823,318.296,Vertices,
435,Square,Area,2.4744549,Perimeter,6.29216,Centroid,115.579,175.557,Vertices,116.67741,175.73232;115.403694,176.65541;114.4806,175.3817;115.75431,174.4586
436,Square,Area,336.70047,Perimeter,73.3976,Centroid,442.802,356.759,Vertices,439.20148,344.2936;455.2674,353.15848;446.40253,369.2244;430.3366,360.35953
437,Equilateral Triangle,Area,2876.0237,Perimeter,244.49341,Centroid,170.569,305.318,Vertices,124.01492,312.1504;187.929,261.58478;199.76308,342.2188
438,Equilateral Triangle,Area,614.44775,Perimeter,113.0091,Centroid,44.5631,438.663,Vertices,63.74359,448.91534;26.094048,450.1476;43.85166,416.92603
439,Ellipse,Area,1759.2756,Perimeter,164.58469,Centroid,128.785,174.27,Vertices,153.41513,150.11375;104.15488,198.42625;140.15094,185.85892;117.41906,162.68109
440,Ellipse,Area,615.4017,Perimeter,161.81842,Centroid,116.984,275.313,Vertices,100.95364,239.15167;133.01436,311.4743;121.51137,273.306;112.456635,277.31998
441,Ellipse,Area,1964.5333,Perimeter,211.30054,Centroid,90.1831,369.326,Vertices,46.973682,346.0947;133.39252,392.55728;96.21915,358.09915;84.14705,380.55283
442,Ellipse,Area,2501.6682,Perimeter,182.87485,Centroid,441.048,467.125,Vertices,457.18683,450.7404;424.90918,483.5096;465.71567,491.42264;416.38034,442.82736
443,Equilateral Triangle,Area,72.73288,Perimeter,38.8809,Centroid,360.831,219.732,Vertices,353.38495,220.471;363.91403,212.91403;365.194,225.81097
444,Square,Area,9625.474,Perimeter,392.438,Centroid,452.811,494.079,Vertices,511.59445,457.23825;489.65176,552.8625;394.02756,530.9198;415.97025,435.29556
445,Equilateral Triangle,Area,1055.7872,Perimeter,148.1355,Centroid,102.299,254.398,Vertices,118.54486,230.97113;114.464325,280.18076;73.88782,252.0421
446,Equilateral Triangle,Area,1663.3734,Perimeter,185.937,Centroid,481.466,15.1699,Vertices,507.0859,40.15162;447.02124,24.86652;490.29086,-19.508446
447,Polygon,Area,122865.55,Perimeter,1357.2241,Centroid,306.4846,251.683,Vertices,
448,Equilateral Triangle,Area,316.27448,Perimeter,81.077995,Centroid,306.617,466.624,Vertices,321.598,462.2607;302.90524,481.77954;295.34778,455.83173
449,Circle,Area,3028.0762,Perimeter,195.06903,Centroid,389.273,247.287,Vertices,
450,Polygon,Area,199878.8,Perimeter,1745.5592,Centroid,251.81827,246.01488,Vertices,
451,Ellipse,Area,2734.0266,Perimeter,189.64485,Centroid,171.832,385.976,Vertices,160.5028,419.26382;183.1612,352.6882;148.40219,378.0019;195.26181,393.95013
452,Ellipse,Area,1329.0835,Perimeter,144.08728,Centroid,479.992,309.716,Vertices,470.23074,319.6336;489.75327,299.7984;458.32437,288.38992;501.65964,331.04208
453,Ellipse,Area,542.2078,Perimeter,161.62863,Centroid,313.225,361.312,Vertices,310.9515,357.60608;315.4985,365.01794;347.06177,340.55402;279.38824,382.07
454,Circle,Area,19498.027,Perimeter,494.9944,Centroid,77.8825,320.875,Vertices,
455,Equilateral Triangle,Area,1262.5529,Perimeter,161.9928,Centroid,342.262,275.329,Vertices,373.30508,278.1995;324.25455,300.7779;329.22635,247.00966
456,Circle,Area,6487.7397,Perimeter,285.52994,Centroid,299.929,136.869,Vertices,
457,Ellipse,Area,6323.226,Perimeter,282.7117,Centroid,422.599,25.4345,Vertices,451.23236,63.65409;393.96564,-12.785093;388.86838,50.70482;456.32962,0.16418076
458,Ellipse,Area,4551.4766,Perimeter,250.87758,Centroid,9.44166,291.296,Vertices,-27.653654,323.52603;46.536972,259.06595;-9.89472,269.04068;28.77804,313.5513
459,Circle,Area,17772.498,Perimeter,472.58417,Centroid,192.212,145.582,Vertices,
460,Ellipse,Area,260.95663,Perimeter,80.183754,Centroid,391.477,436.239,Vertices,393.09058,440.34714;389.8634,432.1309;373.95978,443.11942;408.9942,429.3586
461,Ellipse,Area,2277.8284,Perimeter,179.70619,Centroid,175.937,279.812,Vertices,162.40202,264.8234;189.47197,294.80063;202.58275,255.75047;149.29124,303.87354
462,Ellipse,Area,4866.991,Perimeter,255.35258,Centroid,493.625,317.421,Vertices,501.84317,365.1887;485.40683,269.6533;462.12518,322.84036;525.1248,312.00162
463,Ellipse,Area,3778.5098,Perimeter,226.23715,Centroid,398.35,453.778,Vertices,440.5136,443.23862;356.1864,464.3174;405.06104,480.62598;391.63898,426.93005
464,Circle,Area,2923.885,Perimeter,191.68365,Centroid,462.553,316.47,Vertices,
465,Square,Area,2636.196,Perimeter,205.3756,Centroid,44.4123,426.606,Vertices,8.262234,429.9632;41.055107,390.45593;80.56236,423.2488;47.769493,462.75604
466,Equilateral Triangle,Area,423.82257,Perimeter,93.8562,Centroid,441.112,173.626,Vertices,457.94986,180.16402;427.031,184.93901;438.35516,155.775
467,Polygon,Area,181812.8,Perimeter,1647.3429,Centroid,259.2447,233.65504,Vertices,
468,Equilateral Triangle,Area,3587.2754,Perimeter,273.057,Centroid,136.773,21.3117,Vertices,167.99771,-20.95535;157.76498,69.48662;84.5563,15.40383
469,Circle,Area,15.049233,Perimeter,13.751882,Centroid,83.7211,297.157,Vertices,
470,Polygon,Area,140057.47,Perimeter,1524.2634,Centroid,189.84914,211.8014,Vertices,
471,Square,Area,71.24744,Perimeter,33.76328,Centroid,435.882,88.4726,Vertices,432.87122,93.62614;430.72845,85.46182;438.89276,83.31907;441.03552,91.48338
472,Square,Area,8728.324,Perimeter,373.702,Centroid,204.502,230.593,Vertices,270.3016,224.71301;210.38199,296.3926;138.7024,236.47299;198.62201,164.7934
473,Polygon,Area,156822.34,Perimeter,1537.7461,Centroid,251.7564,269.36975,Vertices,
474,Ellipse,Area,3948.376,Perimeter,229.2786,Centroid,73.1318,79.7392,Vertices,58.213577,104.71745;88.05002,54.76094;36.044872,57.58909;110.21872,101.889305
475,Ellipse,Area,812.57,Perimeter,102.2811,Centroid,130.265,432.115,Vertices,118.841515,440.47913;141.68849,423.75085;119.472664,417.37512;141.05733,446.85486
476,Circle,Area,5762.2397,Perimeter,269.0919,Centroid,146.866,160.671,Vertices,
477,Circle,Area,13822.386,Perimeter,416.77,Centroid,97.5372,374.161,Vertices,
478,Square,Area,3188.4543,Perimeter,225.8656,Centroid,103.264,380.346,Vertices,70.04497,402.4983;81.11173,347.12698;136.48303,358.19376;125.41627,413.56503
479,Equilateral Triangle,Area,332.41904,Perimeter,83.1216,Centroid,453.729,10.2172,Vertices,449.34967,25.602837;442.59433,-1.2682257;469.243,6.3169904
480,Polygon,Area,137984.98,Perimeter,1505.0364,Centroid,267.2704,273.12827,Vertices,
481,Ellipse,Area,1276.6105,Perimeter,170.86884,Centroid,22.2834,466.66,Vertices,12.058234,467.07785;32.508564,466.24216;20.662083,426.98532;23.904716,506.3347
482,Ellipse,Area,735.5415,Perimeter,148.18863,Centroid,187.334,321.311,Vertices,191.43553,326.4846;183.23247,316.13742;159.54478,343.3418;215.12321,299.2802
483,Circle,Area,25341.998,Perimeter,564.3199,Centroid,440.068,272.315,Vertices,
484,Polygon,Area,78397.86,Perimeter,1320.0095,Centroid,220.17575,210.87457,Vertices,
485,Circle,Area,10778.238,Perimeter,368.02628,Centroid,474.296,347.887,Vertices,
486,Ellipse,Area,489.201,Perimeter,131.00743,Centroid,30.131,24.8185,Vertices,31.529934,29.525537;28.732067,20.111464;-0.26595306,33.85248;60.527954,15.784519
487,Equilateral Triangle,Area,3248.4248,Perimeter,259.84082,Centroid,243.638,313.296,Vertices,293.19885,319.95645;213.08946,352.88672;224.6257,267.0448
488,Ellipse,Area,4005.303,Perimeter,235.74734,Centroid,10.5413,274.872,Vertices,-14.0159855,262.43118;35.098587,287.31284;31.470882,233.55856;-10.388283,316.18546
489,Ellipse,Area,1690.406,Perimeter,197.58246,Centroid,145.028,357.923,Vertices,148.15936,369.19858;141.89664,346.64743;100.72461,370.22662;189.33139,345.6194
490,Circle,Area,1434.9882,Perimeter,134.28549,Centroid,257.236,81.6069,Vertices,
491,Polygon,Area,126724.1,Perimeter,1385.0284,Centroid,301.74744,291.5668,Vertices,
492,Circle,Area,5.135852,Perimeter,8.033618,Centroid,473.946,379.315,Vertices,
493,Circle,Area,8867.745,Perimeter,333.81937,Centroid,310.905,218.506,Vertices,
494,Circle,Area,7532.5923,Perimeter,307.66434,Centroid,275.321,316.16,Vertices,
495,Equilateral Triangle,Area,177.11887,Perimeter,60.674103,Centroid,351.426,228.928,Vertices,346.53964,218.32281;363.05353,229.99887;344.6848,238.46228
496,Ellipse,Area,1598.3467,Perimeter,184.95485,Centroid,447.043,424.81,Vertices,433.79077,384.3914;460.29523,465.2286;458.4087,421.0835;435.6773,428.5365
497,Equilateral Triangle,Area,952.2114,Perimeter,140.6817,Centroid,185.791,251.464,Vertices,212.11009,257.81366;167.13249,271.08218;178.13043,225.49617
498,Polygon,Area,160587.72,Perimeter,1544.0592,Centroid,236.97491,224.2708,Vertices,
499,Circle,Area,104.83324,Perimeter,36.29564,Centroid,48.9149,284.362,Vertices,
500,Circle,Area,12304.03,Perimeter,393.21368,Centroid,258.805,227.569,Vertices,
